id,type,route,question,gt_rule,gt_ids,gt_value
L1,lookup,basic_rag,Khách sạn 36 phòng mặt tiền Hoàng Sa ở Quận 1 đang rao bán giá bao nhiêu?,"{""query"": ""listing_id in [10214]""}",,
L2,lookup,basic_rag,"Căn officetel 27m2 ở Lavida Plus, Quận 7 giá bao nhiêu?","{""query"": ""listing_id in [5228]""}",,
L3,lookup,basic_rag,Căn duplex 4 phòng ngủ 195m2 ở Sunshine City giá bao nhiêu?,"{""query"": ""listing_id in [1758]""}",,
L4,lookup,basic_rag,Penthouse Imperial Garden ở Thanh Xuân chính chủ bán có diện tích bao nhiêu?,"{""query"": ""listing_id in [564]""}",,
L5,lookup,basic_rag,Căn hộ Landmark 81 ba phòng ngủ view sông đang chào bán giá bao nhiêu?,"{""query"": ""listing_id in [1766]""}",,
L6,lookup,basic_rag,"Nhà 6 tầng có thang máy ở Ngọa Long, Bắc Từ Liêm, ô tô đỗ cổng giá bao nhiêu?","{""query"": ""listing_id in [1]""}",,
C1,constraint,graph,Liệt kê căn hộ chung cư 2 phòng ngủ ở Thủ Đức giá dưới 3 tỷ.,"{""query"": ""property_type=='Căn hộ chung cư' and district=='Thủ Đức' and bedrooms==2 and price<=3e9""}",,
C2,constraint,graph,Căn hộ 2PN ở Quận 7 giá không quá 4 tỷ có những căn nào?,"{""query"": ""property_type=='Căn hộ chung cư' and district=='Quận 7' and bedrooms==2 and price<=4e9""}",,
C3,constraint,graph,Tìm biệt thự hoặc nhà liền kề ở Hà Đông giá dưới 15 tỷ.,"{""query"": ""property_type=='Biệt thự/Nhà liền kề' and district=='Hà Đông' and price<=15e9""}",,
C4,constraint,hybrid,Nhà ở Cầu Giấy dưới 10 tỷ có thang máy.,"{""query"": ""property_type=='Nhà' and district=='Cầu Giấy' and price<=10e9 and description.str.contains('thang máy', case=False, na=False)""}",,
C5,constraint,hybrid,"Căn hộ ở Quận 7 có hồ bơi, giá dưới 5 tỷ.","{""query"": ""property_type=='Căn hộ chung cư' and district=='Quận 7' and price<=5e9 and description.str.contains('hồ bơi', case=False, na=False)""}",,
C6,constraint,hybrid,Nhà hẻm xe hơi ở Gò Vấp giá dưới 7 tỷ.,"{""query"": ""property_type=='Nhà' and district=='Gò Vấp' and price<=7e9 and description.str.contains('hẻm xe hơi', case=False, na=False)""}",,
A1,aggregate,graph,"Ở Hồ Chí Minh, quận nào có giá/m² trung bình thấp nhất (chỉ tính quận có ít nhất 20 tin)?","{""query"": ""province=='Hồ Chí Minh'"", ""groupby"": [""district""], ""value"": ""price_m2_mil"", ""agg"": ""mean"", ""pick"": ""min"", ""min_count"": 20}",,
A2,aggregate,graph,"Ở Hà Nội, quận nào có giá/m² trung bình cao nhất (chỉ tính quận có ít nhất 20 tin)?","{""query"": ""province=='Hà Nội'"", ""groupby"": [""district""], ""value"": ""price_m2_mil"", ""agg"": ""mean"", ""pick"": ""max"", ""min_count"": 20}",,
A3,aggregate,graph,Có bao nhiêu tin đăng bán đất ở Đà Nẵng?,"{""query"": ""property_type=='Đất' and province=='Đà Nẵng'"", ""agg"": ""count""}",,
A4,aggregate,graph,Giá trung vị của căn hộ chung cư ở Thủ Đức là bao nhiêu tỷ?,"{""query"": ""property_type=='Căn hộ chung cư' and district=='Thủ Đức'"", ""value"": ""price_bn"", ""agg"": ""median""}",,
A5,aggregate,graph,Diện tích trung bình của nhà ở Gò Vấp là bao nhiêu m²?,"{""query"": ""property_type=='Nhà' and district=='Gò Vấp'"", ""value"": ""area"", ""agg"": ""mean""}",,
A6,aggregate,graph,"Ở Bình Dương, loại hình bất động sản nào có nhiều tin đăng nhất?","{""query"": ""province=='Bình Dương'"", ""groupby"": [""property_type""], ""agg"": ""count"", ""pick"": ""max""}",,
M1,multihop,graph,Năm quận nào của Hồ Chí Minh có nhiều tin đăng nhất?,"{""query"": ""province=='Hồ Chí Minh'"", ""groupby"": [""district""], ""agg"": ""count"", ""pick"": ""top5""}",,
M2,multihop,graph,"Ở Hà Nội, phường nào có nhiều tin căn hộ chung cư nhất?","{""query"": ""province=='Hà Nội' and property_type=='Căn hộ chung cư'"", ""groupby"": [""district"", ""ward""], ""agg"": ""count"", ""pick"": ""max""}",,
M3,multihop,graph,Thủ Đức có bao nhiêu phường có tin đăng?,"{""query"": ""district=='Thủ Đức'"", ""value"": ""ward"", ""agg"": ""nunique""}",,
M4,multihop,graph,"Trong các phường của Quận 7, phường nào có giá/m² trung bình cao nhất (ít nhất 10 tin)?","{""query"": ""district=='Quận 7'"", ""groupby"": [""ward""], ""value"": ""price_m2_mil"", ""agg"": ""mean"", ""pick"": ""max"", ""min_count"": 10}",,
M5,multihop,graph,"Ngoài Hà Nội và Hồ Chí Minh, tỉnh nào có nhiều tin đăng nhất?","{""query"": ""province not in ['Hà Nội', 'Hồ Chí Minh']"", ""groupby"": [""province""], ""agg"": ""count"", ""pick"": ""max""}",,
M6,multihop,graph,"Ở Đà Nẵng, quận nào có nhiều tin đăng đất nhất?","{""query"": ""province=='Đà Nẵng' and property_type=='Đất'"", ""groupby"": [""district""], ""agg"": ""count"", ""pick"": ""max""}",,
